grad_a,grad_b,trajanje_min
Blato,Korčula,41
Blato,Lumbarda,46
Blato,smokvica,8
Blato,Vela Luka,13
Dubrovnik,Konavle,30
Dubrovnik,Ston,66
Dubrovnik,Makarska,171
Dubrovnik,Split,199
Konavle,Ston,86
Korčula,Lumbarda,10
Korčula,smokvica,41
Korčula,Vela Luka,50
Lumbarda,smokvica,46
Lumbarda,Vela Luka,55
smokvica,Vela Luka,17
Ston,Kaštela,149
Ston,Makarska,115
Ston,Sinj,146
Ston,Solin,146
Ston,Split,143
Ston,Primošten,186
Ston,Skradin,175
Ston,Šibenik,169
Ston,Pag,248
Ston,Zadar,217
Ston,Brinje,290
Ston,Gospić,252
Ston,Senj,312
Ston,Slunj,328
Ston,Đakovo,417
Ston,Ilok,474
Ston,Slavonski Brod,403
Ston,Vinkovci,437
Bol,Supetar,46
Hvar,Jelsa,39
Hvar,Stari Grad,28
Jelsa,Stari Grad,15
Kaštela,Makarska,77
Kaštela,Sinj,44
Kaštela,Solin,20
Kaštela,Split,21
Kaštela,Trogir,15
Kaštela,Knin,104
Kaštela,Murter,100
Kaštela,Primošten,51
Kaštela,Rogoznica,44
Kaštela,Skradin,65
Kaštela,Šibenik,60
Kaštela,Pag,138
Kaštela,Zadar,107
Kaštela,Brinje,181
Kaštela,Gospić,143
Kaštela,Karlovac,228
Kaštela,Senj,202
Kaštela,Slunj,218
Komiža,Vis,24
Makarska,Sinj,74
Makarska,Solin,74
Makarska,Split,72
Makarska,Knin,148
Makarska,Murter,138
Makarska,Primošten,114
Makarska,Skradin,103
Makarska,Šibenik,97
Makarska,Pag,176
Makarska,Zadar,145
Makarska,Zagreb,298
Makarska,Brinje,218
Makarska,Gospić,180
Makarska,Karlovac,266
Makarska,Senj,240
Makarska,Slunj,256
Makarska,Slavonski Brod,379
Sinj,Solin,41
Sinj,Split,38
Sinj,Trogir,56
Sinj,Knin,82
Sinj,Murter,109
Sinj,Primošten,86
Sinj,Skradin,75
Sinj,Šibenik,69
Sinj,Pag,147
Sinj,Zadar,116
Sinj,Zagreb,270
Sinj,Brinje,190
Sinj,Gospić,152
Sinj,Karlovac,237
Sinj,Senj,211
Sinj,Slunj,227
Sinj,Slavonski Brod,359
Solin,Split,21
Solin,Trogir,33
Solin,Murter,113
Solin,Skradin,79
Solin,Šibenik,73
Solin,Zadar,120
Split,Murter,111
Split,Skradin,76
Split,Šibenik,71
Split,Pag,149
Split,Zadar,118
Split,Brinje,192
Split,Gospić,154
Trogir,Knin,102
Trogir,Murter,98
Trogir,Primošten,41
Trogir,Rogoznica,34
Trogir,Skradin,63
Trogir,Šibenik,58
Trogir,Nin,118
Trogir,Pag,136
Trogir,Zadar,105
Trogir,Zagreb,259
Trogir,Brinje,179
Trogir,Gospić,141
Trogir,Karlovac,226
Trogir,Senj,200
Trogir,Slunj,216
Trogir,Samobor,260
Knin,Murter,91
Knin,Primošten,96
Knin,Skradin,64
Knin,Šibenik,69
Knin,Nin,115
Knin,Pag,133
Knin,Zadar,102
Knin,Zagreb,241
Knin,Rijeka,246
Knin,Brinje,161
Knin,Gospić,123
Knin,Karlovac,209
Knin,Senj,183
Knin,Slunj,181
Knin,Slavonski Brod,317
Knin,Sisak,269
Knin,Samobor,243
Murter,Skradin,57
Murter,Šibenik,49
Murter,Nin,100
Murter,Pag,118
Murter,Zadar,87
Murter,Zagreb,240
Murter,Rijeka,246
Murter,Brinje,161
Murter,Gospić,123
Murter,Karlovac,208
Murter,Senj,182
Murter,Slunj,198
Murter,Sisak,268
Murter,Samobor,242
Primošten,Rogoznica,13
Primošten,Skradin,54
Primošten,Šibenik,37
Primošten,Nin,109
Primošten,Pag,127
Primošten,Zadar,96
Primošten,Zagreb,249
Primošten,Rijeka,254
Primošten,Brinje,169
Primošten,Gospić,131
Primošten,Karlovac,217
Primošten,Senj,191
Primošten,Slunj,207
Primošten,Sisak,277
Primošten,Samobor,251
Skradin,Šibenik,31
Skradin,Nin,79
Skradin,Pag,96
Skradin,Zadar,66
Skradin,Zagreb,219
Skradin,Rijeka,224
Skradin,Brinje,139
Skradin,Gospić,101
Skradin,Karlovac,187
Skradin,Senj,161
Skradin,Slunj,177
Skradin,Varaždin,271
Skradin,Sisak,247
Skradin,Samobor,221
Skradin,Križevci,260
Šibenik,Nin,86
Šibenik,Pag,104
Šibenik,Zadar,73
Šibenik,Zagreb,226
Šibenik,Rijeka,232
Šibenik,Brinje,147
Šibenik,Gospić,109
Šibenik,Karlovac,194
Šibenik,Senj,168
Šibenik,Slunj,184
Šibenik,Varaždin,279
Šibenik,Sisak,254
Šibenik,Samobor,228
Šibenik,Križevci,267
Nin,Pag,56
Nin,Zadar,19
Nin,Zagreb,207
Nin,Rijeka,213
Nin,Brinje,127
Nin,Gospić,90
Nin,Karlovac,175
Nin,Senj,149
Nin,Slunj,165
Nin,Sisak,235
Nin,Samobor,209
Nin,Križevci,248
Pag,Zadar,56
Pag,Zagreb,220
Pag,Brinje,140
Pag,Gospić,102
Pag,Karlovac,188
Pag,Senj,114
Pag,Slunj,178
Pag,Varaždin,273
Pag,Sisak,248
Pag,Samobor,222
Pag,Križevci,261
Zadar,Zagreb,201
Zadar,Rijeka,206
Zadar,Brinje,121
Zadar,Gospić,83
Zadar,Karlovac,168
Zadar,Senj,142
Zadar,Slunj,158
Zadar,Varaždin,253
Zadar,Sisak,228
Zadar,Samobor,203
Zadar,Križevci,242
Zagreb,Buje,184
Zagreb,Umag,189
Zagreb,Bakar,123
Zagreb,Crikvenica,135
Zagreb,Krk,151
Zagreb,Novi Vinodolski,143
Zagreb,Rijeka,121
Zagreb,Brinje,97
Zagreb,Gospić,136
Zagreb,Karlovac,48
Zagreb,Senj,129
Zagreb,Slunj,101
Zagreb,Đakovo,159
Zagreb,Ilok,217
Zagreb,Osijek,183
Zagreb,Slavonski Brod,127
Zagreb,Vinkovci,182
Zagreb,Varaždin,72
Zagreb,Sisak,52
Zagreb,Samobor,32
Zagreb,Križevci,61
Zagreb,Čakovec,85
Bale,Buje,55
Bale,Fažana,21
Bale,Grožnjan,64
Bale,Motovun,60
Bale,Hum,51
Bale,Poreč,45
Bale,Pula,27
Bale,Rovinj,17
Bale,Vodnjan,16
Bale,Umag,63
Bale,Bakar,93
Bale,Crikvenica,110
Bale,Krk,125
Bale,Lovran,68
Bale,Rijeka,80
Buje,Fažana,59
Buje,Grožnjan,21
Buje,Motovun,34
Buje,Hum,71
Buje,Poreč,39
Buje,Pula,63
Buje,Rovinj,56
Buje,Vodnjan,55
Buje,Umag,17
Buje,Lovran,86
Buje,Rijeka,98
Buje,Varaždin,232
Buje,Sisak,208
Buje,Samobor,163
Buje,Križevci,221
Buje,Čakovec,235
Fažana,Grožnjan,70
Fažana,Motovun,67
Fažana,Hum,59
Fažana,Poreč,52
Fažana,Pula,14
Fažana,Vodnjan,13
Fažana,Umag,69
Fažana,Crikvenica,117
Fažana,Krk,133
Fažana,Lovran,75
Fažana,Rijeka,87
Grožnjan,Motovun,24
Grožnjan,Hum,62
Grožnjan,Poreč,44
Grožnjan,Pula,72
Grožnjan,Rovinj,66
Grožnjan,Vodnjan,64
Grožnjan,Umag,35
Grožnjan,Crikvenica,119
Grožnjan,Krk,135
Grožnjan,Lovran,77
Grožnjan,Rijeka,89
Motovun,Hum,54
Motovun,Poreč,44
Motovun,Pula,69
Motovun,Rovinj,63
Motovun,Vodnjan,62
Motovun,Umag,46
Motovun,Bakar,95
Motovun,Crikvenica,112
Motovun,Krk,127
Motovun,Lovran,70
Motovun,Rijeka,82
Motovun,Samobor,180
Motovun,Čakovec,251
Hum,Poreč,59
Hum,Pula,62
Hum,Rovinj,54
Hum,Vodnjan,54
Hum,Umag,78
Hum,Bakar,70
Hum,Crikvenica,87
Hum,Krk,103
Hum,Lovran,45
Hum,Novi Vinodolski,98
Hum,Rijeka,57
Hum,Brinje,152
Poreč,Pula,53
Poreč,Rovinj,47
Poreč,Vodnjan,46
Poreč,Umag,47
Poreč,Crikvenica,118
Poreč,Krk,134
Poreč,Lovran,76
Poreč,Rijeka,88
Pula,Rovinj,41
Pula,Vodnjan,17
Pula,Umag,72
Pula,Crikvenica,119
Pula,Krk,135
Pula,Lovran,77
Pula,Rijeka,89
Rovinj,Umag,66
Rovinj,Bakar,95
Rovinj,Crikvenica,113
Rovinj,Krk,128
Rovinj,Lovran,71
Rovinj,Rijeka,83
Vodnjan,Umag,64
Vodnjan,Bakar,95
Vodnjan,Crikvenica,112
Vodnjan,Krk,128
Vodnjan,Lovran,70
Vodnjan,Rijeka,82
Umag,Lovran,95
Umag,Rijeka,107
Umag,Samobor,170
Bakar,Crikvenica,30
Bakar,Krk,46
Bakar,Lovran,44
Bakar,Novi Vinodolski,41
Bakar,Rijeka,18
Bakar,Brinje,102
Bakar,Karlovac,90
Bakar,Slunj,124
Bakar,Slavonski Brod,229
Bakar,Varaždin,175
Bakar,Sisak,150
Bakar,Samobor,124
Bakar,Križevci,163
Crikvenica,Krk,49
Crikvenica,Lovran,62
Crikvenica,Novi Vinodolski,17
Crikvenica,Rijeka,36
Crikvenica,Karlovac,102
Crikvenica,Senj,46
Crikvenica,Slunj,136
Crikvenica,Slavonski Brod,241
Crikvenica,Varaždin,187
Crikvenica,Sisak,162
Crikvenica,Samobor,136
Crikvenica,Križevci,175
Krk,Lovran,79
Krk,Novi Vinodolski,61
Krk,Rijeka,53
Krk,Karlovac,119
Krk,Slunj,153
Krk,Slavonski Brod,259
Krk,Varaždin,204
Krk,Sisak,179
Krk,Samobor,154
Krk,Križevci,193
Lovran,Novi Vinodolski,73
Lovran,Rijeka,32
Lovran,Brinje,127
Lovran,Karlovac,115
Novi Vinodolski,Rijeka,47
Novi Vinodolski,Karlovac,111
Novi Vinodolski,Senj,32
Novi Vinodolski,Samobor,145
Rijeka,Brinje,103
Rijeka,Gospić,142
Rijeka,Karlovac,90
Rijeka,Slunj,124
Rijeka,Slavonski Brod,230
Rijeka,Varaždin,175
Rijeka,Sisak,150
Rijeka,Samobor,124
Rijeka,Križevci,163
Brinje,Gospić,56
Brinje,Karlovac,63
Brinje,Senj,44
Brinje,Slunj,74
Brinje,Slavonski Brod,202
Brinje,Varaždin,148
Brinje,Sisak,123
Brinje,Samobor,97
Brinje,Križevci,136
Gospić,Karlovac,103
Gospić,Senj,77
Gospić,Slunj,114
Gospić,Slavonski Brod,243
Gospić,Varaždin,188
Gospić,Sisak,164
Gospić,Samobor,138
Gospić,Križevci,177
Karlovac,Senj,96
Karlovac,Slunj,59
Karlovac,Đakovo,185
Karlovac,Slavonski Brod,153
Karlovac,Varaždin,99
Karlovac,Sisak,74
Karlovac,Samobor,48
Karlovac,Križevci,87
Karlovac,Čakovec,112
Senj,Slunj,108
Senj,Varaždin,181
Senj,Sisak,156
Senj,Samobor,130
Senj,Križevci,169
Đakovo,Ilok,102
Đakovo,Osijek,40
Đakovo,Slavonski Brod,42
Đakovo,Vinkovci,44
Đakovo,Varaždin,193
Đakovo,Sisak,138
Đakovo,Samobor,168
Đakovo,Križevci,181
Ilok,Slavonski Brod,101
Ilok,Vinkovci,67
Ilok,Vukovar,46
Ilok,Sisak,196
Ilok,Samobor,226
Ilok,Križevci,240
Osijek,Slavonski Brod,66
Osijek,Vinkovci,50
Osijek,Vukovar,51
Osijek,Varaždin,217
Osijek,Sisak,161
Osijek,Samobor,191
Osijek,Križevci,205
Slavonski Brod,Vinkovci,65
Slavonski Brod,Varaždin,163
Slavonski Brod,Sisak,108
Slavonski Brod,Samobor,138
Slavonski Brod,Križevci,152
Vinkovci,Vukovar,27
Vinkovci,Varaždin,216
Vinkovci,Sisak,161
Vinkovci,Samobor,191
Vinkovci,Križevci,204
Varaždin,Sisak,98
Varaždin,Samobor,81
Varaždin,Križevci,61
Varaždin,Čakovec,19
Sisak,Samobor,59
Sisak,Križevci,86
Sisak,Čakovec,111
Samobor,Križevci,72
Križevci,Čakovec,76
