naziv,kategorija,lokacija
Arheološki muzej Istre,Muzej,Pula
Arheološki muzej Narona,Muzej,Vid
Arheološki muzej Osijek,Muzej,Osijek
Arheološki muzej u Splitu,Muzej,Split
Arheološki muzej u Zagrebu,Muzej,Zagreb
Arheološki muzej Zadar,Muzej,Zadar
Creski muzej,Muzej,Cres
Dubrovački muzeji,Muzej,Dubrovnik
Dvor Trakošćan,Muzej,Bednja
Etnografska zbirka Buje,Muzej,Buje
Etnografski muzej,Muzej,Zagreb
Etnografski muzej Istre,Muzej,Pazin
Etnografski muzej Split,Muzej,Split
Galerija Barutana 1991.,Muzej,Bjelovar
Galerija Krsto Hegedušić,Muzej,Petrinja
Galerija grada Krapine,Muzej,Krapina
Galerija izvorne umjetnosti Zlatar,Muzej,Zlatar
Galerija Prica,Muzej,Samobor
Galerija umjetnina,Muzej,Split
Galerija umjetnina Branislav Dešković,Muzej,Bol
Galerija umjetnina grada Slavonskog Broda,Muzej,Slavonski Brod
Gliptoteka HAZU,Muzej,Zagreb
Gradska Galerija Sikirica,Muzej,Sinj
Gradska galerija Striegl,Muzej,Sisak
Gradski muzej Bjelovar,Muzej,Bjelovar
Gradski muzej Čazma,Muzej,Čazma
Gradski muzej Drniš,Muzej,Drniš
Gradski muzej Jastrebarsko,Muzej,Jastrebarsko
Gradski muzej Korčula,Muzej,Korčula
Gradski muzej Križevci,Muzej,Križevci
Gradski muzej Makarska,Muzej,Makarska
Gradski muzej Nova Gradiška,Muzej,Nova Gradiška
Gradski muzej Novalja,Muzej,Novalja
Gradski muzej Omiš,Muzej,Omiš
Gradski muzej Požega,Muzej,Požega
Gradski muzej Senj,Muzej,Senj
Gradski muzej Sisak,Muzej,Sisak
Gradski muzej Varaždin,Muzej,Varaždin
Gradski muzej Vinkovci,Muzej,Vinkovci
Gradski muzej Virovitica,Muzej,Virovitica
Gradski muzej Vukovar,Muzej,Vukovar
Gradski muzej Županja,Muzej,Županja
Grafička zbirka Nacionalne i sveučilišne knjižnice,Muzej,Zagreb
Hrvatski muzej arhitekture HAZU,Muzej,Zagreb
Hrvatski muzej medicine i farmacije HAZU,Muzej,Zagreb
Hrvatski muzej naivne umjetnosti,Muzej,Zagreb
Hrvatski muzej turizma,Muzej,Opatija
Hrvatski pomorski muzej Split,Muzej,Split
Hrvatski povijesni muzej,Muzej,Zagreb
Hrvatski prirodoslovni muzej,Muzej,Zagreb
Hrvatski školski muzej,Muzej,Zagreb
Hrvatski športski muzej,Muzej,Zagreb
Hrvatski željeznički muzej,Muzej,Zagreb
HT muzej,Muzej,Zagreb
Muzej Mimara,Muzej,Zagreb
Galerija Klovićevi dvori,Muzej,Zagreb
Spomen područje Jasenovac,Muzej,Jasenovac
JGL Muzej farmacije,Muzej,Rijeka
Kabinet grafike HAZU,Muzej,Zagreb
Kninski muzej,Muzej,Knin
Kuća Šenoa,Muzej,Zagreb
Lošinjski muzej,Muzej,Mali Lošinj
Lovački muzej,Muzej,Zagreb
Memorijalna zbirka Marina Držića,Muzej,Dubrovnik
Muzej Lapidarium,Muzej,Novigrad
Muzej Belišće,Muzej,Belišće
Muzej antičkog stakla u Zadru,Muzej,Zadar
Muzej betinske drvene brodogradnje,Muzej,Betina
Muzej Brdovec,Muzej,Prigorje Brdovečko
Muzej Brodskog Posavlja,Muzej,Slavonski Brod
Muzej Cetinske krajine,Muzej,Sinj
Muzej Croata insulanus Grada Preloga,Muzej,Prelog
Muzej crvene povijesti,Muzej,Dubrovnik
Muzej Cvelferije,Muzej,Drenovci
Muzej Domovinskog rata Dubrovnik,Muzej,Dubrovnik
Muzej Domovinskog rata u Splitu,Muzej,Split
Muzej Đakovštine,Muzej,Đakovo
Muzej Gacke Otočac,Muzej,Otočac
Muzej grada Crikvenice,Muzej,Crikvenica
Muzej Grada Đurđevca,Muzej,Đurđevac
Muzej grada Iloka,Muzej,Ilok
Muzej grada Kaštela,Muzej,Kaštel Lukšić
Muzej grada Koprivnice,Muzej,Koprivnica
Muzej grada Ludbrega,Muzej,Ludbreg
Muzej grada Pakraca,Muzej,Pakrac
Muzej grada Pazina,Muzej,Pazin
Muzej grada Rijeke,Muzej,Rijeka
Muzej grada Rovinja,Muzej,Rovinj
Muzej grada Splita,Muzej,Split
Muzej grada Šibenika,Muzej,Šibenik
Muzej grada Trogira,Muzej,Trogir
Muzej grada Umaga,Muzej,Umag
Muzej grada Zagreba,Muzej,Zagreb
Muzej hrvatskih arheoloških spomenika,Muzej,Split
Muzej hrvatskog vatrogastva,Muzej,Varaždin
Muzej hvarske baštine,Muzej,Hvar
Muzej i biblioteka Baltazara Bogišića,Muzej,Cavtat
Muzej Ivanić-Grada,Muzej,Ivanić-Grad
Muzej Like Gospić,Muzej,Gospić
Muzej likovnih umjetnosti,Muzej,Osijek
Muzej Ljudevita Gaja,Muzej,Krapina
Muzej Marton,Muzej,Samobor
Muzej Matije Skurjenija,Muzej,Zaprešić
Muzej Međimurja Čakovec,Muzej,Čakovec
Muzej moderne i suvremene umjetnosti,Muzej,Rijeka
Muzej Moslavine Kutina,Muzej,Kutina
Muzej Općine Jelsa,Muzej,Jelsa
Muzej otoka Brača,Muzej,Supetar
Muzej planinarstva,Muzej,Ivanec
Muzej Podravine,Muzej,Virje
Muzej policije,Muzej,Zagreb
Muzej Prigorja,Muzej,Sesvete
Muzej Radboa,Muzej,Radoboj
Muzej Samostana sv. Margarite,Muzej,Pag
Muzej Sinjske alke,Muzej,Sinj
Muzej Slavonije,Muzej,Osijek
Muzej Staroga Grada,Muzej,Stari Grad
Muzej suvremene umjetnosti,Muzej,Zagreb
Muzej suvremene umjetnosti Istre,Muzej,Pula
Muzej Sveti Ivan Zelina,Muzej,Sveti Ivan Zelina
Muzej triljskog kraja,Muzej,Trilj
Muzej Turopolja,Muzej,Velika Gorica
Muzej Valpovštine,Muzej,Valpovo
Muzej vinogradarstva i vinarstva,Muzej,Putnikovići
Muzej vučedolske kulture,Muzej,Vukovar
Muzej za umjetnost i obrt,Muzej,Zagreb
Muzeji grada Karlovca,Muzej,Karlovac
Muzeji Hrvatskog zagorja,Muzej,Gornja Stubica
Muzeji i galerije Konavala,Muzej,Gruda
Muzeji Ivana Meštrovića,Muzej,Split
Muzejska zavičajna zbirka Grada Novske,Muzej,Novska
Muzejske zbirke Centra za kulturu Vela Luka,Muzej,Vela Luka
Muzejski dokumentacijski centar,Muzej,Zagreb
Muzejsko kazališna zbirka HAZU,Muzej,Zagreb
Nacionalni muzej moderne umjetnosti,Muzej,Zagreb
Narodni muzej i galerija Novi Vinodolski,Muzej,Novi Vinodolski
Narodni muzej Labin,Muzej,Labin
Narodni muzej Zadar,Muzej,Zadar
Pomorski i povijesni muzej Hrvatskog primorja,Muzej,Rijeka
Pomorski muzej Orebić,Muzej,Orebić
Povijesni i pomorski muzej Istre,Muzej,Pula
Prirodoslovni muzej Dubrovnik,Muzej,Dubrovnik
Prirodoslovni muzej i zoološki vrt,Muzej,Split
Prirodoslovni muzej Metković,Muzej,Metković
Prirodoslovni muzej Rijeka,Muzej,Rijeka
Samoborski muzej,Muzej,Samobor
Spomen-muzej biskupa Josipa Jurja Strossmayera,Muzej,Đakovo
Spomen galerija Ivana Meštrovića,Muzej,Vrpolje
Stalna izložba crkvene umjetnosti,Muzej,Zadar
Strossmayerova galerija starih majstora,Muzej,Zagreb
Tehnički muzej Nikola Tesla,Muzej,Zagreb
Tiflološki muzej,Muzej,Zagreb
Umjetnička galerija Dubrovnik,Muzej,Dubrovnik
Umjetnički paviljon u Zagrebu,Muzej,Zagreb
Vojni muzej MORH-a,Muzej,Zagreb
Zavičajna zbirka grada Ploča,Muzej,Ploče
Zavičajni muzej Benkovac,Muzej,Benkovac
Zavičajni muzej Biograd na moru,Muzej,Biograd na Moru
Zavičajni muzej Buzet,Muzej,Buzet
Zavičajni muzej Daruvar,Muzej,Daruvar
Zavičajni muzej Grada Visa,Muzej,Vis
Zavičajni muzej Imotski,Muzej,Imotski
Zavičajni muzej Našice,Muzej,Našice
Zavičajni muzej Obrovac,Muzej,Obrovac
Zavičajni muzej Ogulin,Muzej,Ogulin
Zavičajni muzej Ozalj,Muzej,Ozalj
Zavičajni muzej Poreštine,Muzej,Poreč
Zavičajni muzej Slatina,Muzej,Slatina
Zavičajni muzej Varaždinske Toplice,Muzej,Varaždinske Toplice
